{
    "products": [
        {
            "id": "p01",
            "name": "Samsung",
            "price": "20000",
            "category": "mobile"
        },
        {
            "id": "p02",
            "name": "Redmi",
            "price": "15000",
            "category": "mobile"
        },
        {
            "id": "p03",
            "name": "Dell",
            "price": "40000",
            "category": "laptop"
        },
        {
            "id": "p04",
            "name": "Apple",
            "price": "80000",
            "category": "laptop"
        }
    ]
}